store_id,store_location_id,store_location_open_date,store_location_close_date,store_type_code,store_region,store_district,store_state,store_city,store_zipcode,store_street_address,store_square_footage,store_climate_zone,store_description
3009,NULL,NULL,NULL,NULL,NULL,NULL,MI,"TRAVERSE CITY",49686,"1712 S GARFIELD AVE",NULL,NULL,NULL
3018,NULL,NULL,NULL,NULL,NULL,NULL,CA,VALENCIA,91355,"23222 W VALENCIA BLVD",NULL,NULL,NULL
3026,NULL,NULL,NULL,NULL,NULL,NULL,PA,NORRISTOWN,19401,"2700 DEKALB PIKE",NULL,NULL,NULL
3028,NULL,NULL,NULL,NULL,NULL,NULL,PA,FEASTERVILLE,19053,"176 W STREET ROAD",NULL,NULL,NULL
3047,NULL,NULL,NULL,NULL,NULL,NULL,PA,SCRANTON,18508,"1011 SCRANTON CARBONDALE",NULL,NULL,NULL
3051,NULL,NULL,NULL,NULL,NULL,NULL,PA,WARMINSTER,18974,"1133 YORK RD",NULL,NULL,NULL
3053,NULL,NULL,NULL,NULL,NULL,NULL,CA,"PLEASANT HILL",94523,"77 CHILPANCINGO",NULL,NULL,NULL
3061,NULL,NULL,NULL,NULL,NULL,NULL,FL,TAMPA,33607,"2915 N DALE MABRY HWY",NULL,NULL,NULL
3074,NULL,NULL,NULL,NULL,NULL,NULL,FL,MIAMI,33186,"14091 SW 88TH ST",NULL,NULL,NULL
3076,NULL,NULL,NULL,NULL,NULL,NULL,CA,"SPRING VALLEY",91977,"935 SWEETWATER RD",NULL,NULL,NULL
3086,NULL,NULL,NULL,NULL,NULL,NULL,CA,CHICO,95926,"2155 PILLSBURY RD",NULL,NULL,NULL
3092,NULL,NULL,NULL,NULL,NULL,NULL,FL,"ST PETERSBURG",33711,"3951 34TH STREET SOUTH",NULL,NULL,NULL
3106,NULL,NULL,NULL,NULL,NULL,NULL,CA,RIVERSIDE,92503,"7200 ARLINGTON AVE",NULL,NULL,NULL
3115,NULL,NULL,NULL,NULL,NULL,NULL,NY,"DE WITT",13214,"3469 ERIE BLVD EAST",NULL,NULL,NULL
3117,NULL,NULL,NULL,NULL,NULL,NULL,PA,"WILLOW GROVE",19090,"2620 MORELAND RD",NULL,NULL,NULL
3124,NULL,NULL,NULL,NULL,NULL,NULL,CA,CORONA,92880,"705 N MAIN ST",NULL,NULL,NULL
3126,NULL,NULL,NULL,NULL,NULL,NULL,MI,"SHELBY TOWNSHIP",48316,"7601 23 MILE RD",NULL,NULL,NULL
3127,NULL,NULL,NULL,NULL,NULL,NULL,CA,"TEMPLE CITY",91780,"5665 N ROSEMEAD BLVD",NULL,NULL,NULL
3129,NULL,NULL,NULL,NULL,NULL,NULL,NY,RENSSELAER,12144,"164 COLUMBIA TURNPIKE",NULL,NULL,NULL
3130,NULL,NULL,NULL,NULL,NULL,NULL,CA,REDDING,96002,"2685 HILLTOP DRIVE",NULL,NULL,NULL
3136,NULL,NULL,NULL,NULL,NULL,NULL,PA,SHILLINGTON,19607,"1 PARKSIDE AVE",NULL,NULL,NULL
3140,NULL,NULL,NULL,NULL,NULL,NULL,FL,CLEARWATER,33761,"26996 U S HWY 19 NORTH",NULL,NULL,NULL
3141,NULL,NULL,NULL,NULL,NULL,NULL,PA,BRIDGEVILLE,15017,"1025 WASHINGTON PIKE",NULL,NULL,NULL
3144,NULL,NULL,NULL,NULL,NULL,NULL,FL,NAPLES,34103,"4383 N TAMIAMI TRAIL",NULL,NULL,NULL
3151,NULL,NULL,NULL,NULL,NULL,NULL,CA,"EL CENTRO",92243,"1950 NORTH IMPERIAL AVE",NULL,NULL,NULL
3155,NULL,NULL,NULL,NULL,NULL,NULL,MI,BELLEVILLE,48111,"2095 RAWSONVILLE RD",NULL,NULL,NULL
3159,NULL,NULL,NULL,NULL,NULL,NULL,MI,FARMINGTON,48335,"37175 GRAND RIVER",NULL,NULL,NULL
3162,NULL,NULL,NULL,NULL,NULL,NULL,CA,"YUBA CITY",95991,"850 GRAY AVE",NULL,NULL,NULL
3164,NULL,NULL,NULL,NULL,NULL,NULL,FL,"LAKE PARK",33403,"1220 NORTHLAKE BLVD",NULL,NULL,NULL
3169,NULL,NULL,NULL,NULL,NULL,NULL,CA,"DIAMOND BAR",91765,"249 S DIAMOND BAR BLVD",NULL,NULL,NULL
3174,NULL,NULL,NULL,NULL,NULL,NULL,CA,STOCKTON,95205,"2180 E MARIPOSA RD",NULL,NULL,NULL
3176,NULL,NULL,NULL,NULL,NULL,NULL,FL,DAVIE,33324,"1901 S UNIVERSITY DRIVE",NULL,NULL,NULL
3179,NULL,NULL,NULL,NULL,NULL,NULL,FL,ORLANDO,32809,"7825 S ORANGE BLOSSOM TR",NULL,NULL,NULL
3187,NULL,NULL,NULL,NULL,NULL,NULL,PA,LANGHORNE,19047,"1776 EAST LINCOLN HWY",NULL,NULL,NULL
3191,NULL,NULL,NULL,NULL,NULL,NULL,MI,"COMMERCE TOWNSHIP",48382,"2905 UNION LAKE ROAD",NULL,NULL,NULL
3195,NULL,NULL,NULL,NULL,NULL,NULL,MI,PORTAGE,49002,"6355 S WESTNEDGE",NULL,NULL,NULL
3196,NULL,NULL,NULL,NULL,NULL,NULL,PA,POTTSTOWN,19464,"2200 EAST HIGH ST",NULL,NULL,NULL
3200,NULL,NULL,NULL,NULL,NULL,NULL,MI,KALAMAZOO,49008,"4620 STADIUM DR",NULL,NULL,NULL
3201,NULL,NULL,NULL,NULL,NULL,NULL,NY,"STATEN ISLAND",10306,"2660 HYLAN BOULEVARD",NULL,NULL,NULL
3207,NULL,NULL,NULL,NULL,NULL,NULL,MI,"FARMINGTON HILLS",48334,"30800 ORCHARD LAKE RD",NULL,NULL,NULL
3223,NULL,NULL,NULL,NULL,NULL,NULL,FL,"FORT WALTON BEACH",32548,"200 IRWIN NE",NULL,NULL,NULL
3225,NULL,NULL,NULL,NULL,NULL,NULL,PA,CHAMBERSBURG,17201,"1005 WAYNE AVE",NULL,NULL,NULL
3232,NULL,NULL,NULL,NULL,NULL,NULL,PA,EXTON,19341,"175 N POTTSTOWN",NULL,NULL,NULL
3235,NULL,NULL,NULL,NULL,NULL,NULL,CA,"WEST COVINA",91790,"730 SOUTH ORANGE",NULL,NULL,NULL
3249,NULL,NULL,NULL,NULL,NULL,NULL,FL,VENICE,34293,"1687 HWY 41 BYPASS SOUTH",NULL,NULL,NULL
3257,NULL,NULL,NULL,NULL,NULL,NULL,FL,"TARPON SPRINGS",34689,"41232 US HWY 19 NORTH",NULL,NULL,NULL
3264,NULL,NULL,NULL,NULL,NULL,NULL,PA,MOOSIC,18507,"3382 BIRNEY PLAZA",NULL,NULL,NULL
3266,NULL,NULL,NULL,NULL,NULL,NULL,PA,KINGSTON,18704,"18 MARK PLAZA",NULL,NULL,NULL
3268,NULL,NULL,NULL,NULL,NULL,NULL,PA,"WILKES BARRE",18702,"910 WILKES BARRE TWP BLVD",NULL,NULL,NULL
3269,NULL,NULL,NULL,NULL,NULL,NULL,FL,LANTANA,33462,"1201 S DIXIE",NULL,NULL,NULL
3276,NULL,NULL,NULL,NULL,NULL,NULL,CA,"SAN LEANDRO",94578,"250 FLORESTA BLVD",NULL,NULL,NULL
3279,NULL,NULL,NULL,NULL,NULL,NULL,MI,BURTON,48509,"G 1145 N BELSAY RD",NULL,NULL,NULL
3282,NULL,NULL,NULL,NULL,NULL,NULL,NY,ROCHESTER,14624,"810 PAUL RD",NULL,NULL,NULL
3295,NULL,NULL,NULL,NULL,NULL,NULL,NY,ROCHESTER,14626,"3049 W RIDGE RD",NULL,NULL,NULL
3308,NULL,NULL,NULL,NULL,NULL,NULL,MI,"LAKE ORION",48360,"1025 LAPEER ROAD SOUTH",NULL,NULL,NULL
3317,NULL,NULL,NULL,NULL,NULL,NULL,FL,"BOCA RATON",33486,"1401 W PALMETTO PARK RD",NULL,NULL,NULL
3327,NULL,NULL,NULL,NULL,NULL,NULL,MI,"STERLING HEIGHTS",48314,"2051 18 MILE RD",NULL,NULL,NULL
3329,NULL,NULL,NULL,NULL,NULL,NULL,FL,HUDSON,34667,"12412 US 19",NULL,NULL,NULL
3337,NULL,NULL,NULL,NULL,NULL,NULL,CA,CUDAHY,90201,"8017 SOUTH ATLANTIC AVE",NULL,NULL,NULL
3345,NULL,NULL,NULL,NULL,NULL,NULL,CA,MODESTO,95351,"1351 E HATCH RD",NULL,NULL,NULL
3351,NULL,NULL,NULL,NULL,NULL,NULL,MI,MUSKEGON,49442,"1501 APPLE AVENUE EAST",NULL,NULL,NULL
3352,NULL,NULL,NULL,NULL,NULL,NULL,NY,LIVERPOOL,13090,"8007 OSWEGO ROAD",NULL,NULL,NULL
3353,NULL,NULL,NULL,NULL,NULL,NULL,FL,"ORANGE PARK",32073,"380 BLANDING BLVD",NULL,NULL,NULL
3355,NULL,NULL,NULL,NULL,NULL,NULL,FL,"PANAMA CITY",32401,"1329 W 15TH ST",NULL,NULL,NULL
3361,NULL,NULL,NULL,NULL,NULL,NULL,PA,ALLENTOWN,18103,"1502 SOUTH FOURTH ST",NULL,NULL,NULL
3363,NULL,NULL,NULL,NULL,NULL,NULL,CA,ANAHEIM,92804,"10870 KATELLA AVE WEST",NULL,NULL,NULL
3368,NULL,NULL,NULL,NULL,NULL,NULL,CA,REDLANDS,92373,"1625 W REDLANDS",NULL,NULL,NULL
3369,NULL,NULL,NULL,NULL,NULL,NULL,CA,"RANCHO CORDOVA",95670,"2344 SUNRISE BLVD",NULL,NULL,NULL
3372,NULL,NULL,NULL,NULL,NULL,NULL,NY,POUGHKEEPSIE,12601,"1895 SOUTH ROAD",NULL,NULL,NULL
3376,NULL,NULL,NULL,NULL,NULL,NULL,CA,"CITRUS HEIGHTS",95610,"8501 AUBURN BLVD",NULL,NULL,NULL
3379,NULL,NULL,NULL,NULL,NULL,NULL,MI,WATERFORD,48329,"5100 DIXIE HWY",NULL,NULL,NULL
3381,NULL,NULL,NULL,NULL,NULL,NULL,FL,"FORT PIERCE",34950,"2111 S FEDERAL HWY",NULL,NULL,NULL
3390,NULL,NULL,NULL,NULL,NULL,NULL,PA,WILLIAMSPORT,17701,"1915 E THIRD ST",NULL,NULL,NULL
3392,NULL,NULL,NULL,NULL,NULL,NULL,PA,BROOKHAVEN,19015,"5005 EDGEMONT AVE",NULL,NULL,NULL
3394,NULL,NULL,NULL,NULL,NULL,NULL,PA,EAGLEVILLE,19403,"3200 W RIDGE PIKE",NULL,NULL,NULL
3396,NULL,NULL,NULL,NULL,NULL,NULL,NY,POUGHKEEPSIE,12603,"635 DUTCHESS TURNPIKE",NULL,NULL,NULL
3398,NULL,NULL,NULL,NULL,NULL,NULL,FL,"POMPANO BEACH",33064,"2421 N FEDERAL HWY",NULL,NULL,NULL
3406,NULL,NULL,NULL,NULL,NULL,NULL,PA,"EAST STROUDSBURG",18301,"300 LINCOLN AVENUE",NULL,NULL,NULL
3412,NULL,NULL,NULL,NULL,NULL,NULL,CA,SALINAS,93907,"1050 NORTH DAVIS ROAD",NULL,NULL,NULL
3415,NULL,NULL,NULL,NULL,NULL,NULL,NY,BUFFALO,14216,"1001 HERTEL AVENUE",NULL,NULL,NULL
3416,NULL,NULL,NULL,NULL,NULL,NULL,PA,LANCASTER,17602,"1 EAST TOWNE MALL",NULL,NULL,NULL
3418,NULL,NULL,NULL,NULL,NULL,NULL,PA,WAYNE,19087,"704 WEST LANCASTER AVENUE",NULL,NULL,NULL
3424,NULL,NULL,NULL,NULL,NULL,NULL,FL,GAINESVILLE,32606,"900 NW 76 BOULEVARD",NULL,NULL,NULL
3435,NULL,NULL,NULL,NULL,NULL,NULL,CA,ANAHEIM,92806,"2222 E LINCOLN AVE",NULL,NULL,NULL
3454,NULL,NULL,NULL,NULL,NULL,NULL,PA,PHILADELPHIA,19124,"900 ORTHODOX ST",NULL,NULL,NULL
3457,NULL,NULL,NULL,NULL,NULL,NULL,FL,SARASOTA,34232,"501 NORTH BENEVA ROAD",NULL,NULL,NULL
3478,NULL,NULL,NULL,NULL,NULL,NULL,FL,ORLANDO,32819,"7603 TURKEY LAKE ROAD",NULL,NULL,NULL
3483,NULL,NULL,NULL,NULL,NULL,NULL,CA,ONTARIO,91762,"2530 S EUCLID AVE",NULL,NULL,NULL
3498,NULL,NULL,NULL,NULL,NULL,NULL,PA,FRACKVILLE,17931,"700 SCHUYLKILL MALL",NULL,NULL,NULL
3501,NULL,NULL,NULL,NULL,NULL,NULL,CA,PETALUMA,94954,"261 N MC DOWELL BLVD",NULL,NULL,NULL
3516,NULL,NULL,NULL,NULL,NULL,NULL,PA,PHILADELPHIA,19148,"424 OREGON AVENUE WEST",NULL,NULL,NULL
3521,NULL,NULL,NULL,NULL,NULL,NULL,NY,BINGHAMTON,13901,"33 WEST STATE ST",NULL,NULL,NULL
3527,NULL,NULL,NULL,NULL,NULL,NULL,PA,PHILADELPHIA,19149,"7101 ROOSEVELT BLVD",NULL,NULL,NULL
3529,NULL,NULL,NULL,NULL,NULL,NULL,PA,PITTSBURGH,15229,"996 WEST VIEW PARK DRIVE",NULL,NULL,NULL
3531,NULL,NULL,NULL,NULL,NULL,NULL,CA,PINOLE,94564,"1500 FITZGERALD DR",NULL,NULL,NULL
3540,NULL,NULL,NULL,NULL,NULL,NULL,FL,"ROYAL PALM BEACH",33411,"10101 SOUTHERN BLVD",NULL,NULL,NULL
3546,NULL,NULL,NULL,NULL,NULL,NULL,MI,"CLINTON TOWNSHIP",48038,"41601 GARFIELD",NULL,NULL,NULL
3561,NULL,NULL,NULL,NULL,NULL,NULL,PA,BENSALEM,19020,"1837 STREET ROAD",NULL,NULL,NULL
3563,NULL,NULL,NULL,NULL,NULL,NULL,FL,"WINTER PARK",32789,"501 N ORLANDO AVE",NULL,NULL,NULL
3568,NULL,NULL,NULL,NULL,NULL,NULL,CA,JACKSON,95642,"10500 WICKLOW WAY",NULL,NULL,NULL
3570,NULL,NULL,NULL,NULL,NULL,NULL,MI,RICHMOND,48062,"67300 MAIN ST",NULL,NULL,NULL
3573,NULL,NULL,NULL,NULL,NULL,NULL,FL,"FT MYERS",33908,"15271 MCGREGOR BLVD STE33",NULL,NULL,NULL
3582,NULL,NULL,NULL,NULL,NULL,NULL,CA,CLOVIS,93612,"1075 SHAW AVENUE",NULL,NULL,NULL
3593,NULL,NULL,NULL,NULL,NULL,NULL,PA,"MT POCONO",18344,"601 ROUTE 940",NULL,NULL,NULL
3595,NULL,NULL,NULL,NULL,NULL,NULL,CA,"SAN MATEO",94402,"1700 S DELAWARE",NULL,NULL,NULL
3597,NULL,NULL,NULL,NULL,NULL,NULL,PA,HOLMES,19043,"600 MACDADE BLVD",NULL,NULL,NULL
3600,NULL,NULL,NULL,NULL,NULL,NULL,NY,SCHENECTADY,12306,"93 WEST CAMPBELL ROAD",NULL,NULL,NULL
3613,NULL,NULL,NULL,NULL,NULL,NULL,FL,"NORTH MIAMI BEACH",33162,"900 N MIAMI BEACH BLVD",NULL,NULL,NULL
3615,NULL,NULL,NULL,NULL,NULL,NULL,FL,MIAMI,33156,"7900 SW 104TH STREET",NULL,NULL,NULL
3616,NULL,NULL,NULL,NULL,NULL,NULL,PA,PITTSBURGH,15220,"875 GREEN TREE ROAD",NULL,NULL,NULL
3624,NULL,NULL,NULL,NULL,NULL,NULL,FL,"WINTER HAVEN",33884,"6015 CYPRUS GARDENS BLVD",NULL,NULL,NULL
3642,NULL,NULL,NULL,NULL,NULL,NULL,FL,"LAKE MARY",32746,"3639 LAKE EMMA ROAD",NULL,NULL,NULL
3643,NULL,NULL,NULL,NULL,NULL,NULL,PA,WHITEHALL,18052,"2520 MAC ARTHUR RD",NULL,NULL,NULL
3651,NULL,NULL,NULL,NULL,NULL,NULL,FL,"WINTER SPRINGS",32708,"1425 TUSKAWILLA ROAD",NULL,NULL,NULL
3657,NULL,NULL,NULL,NULL,NULL,NULL,FL,"MOUNT DORA",32757,"16900 NEW US 441 WEST",NULL,NULL,NULL
3662,NULL,NULL,NULL,NULL,NULL,NULL,MI,HOLLAND,49423,"710 CHICAGO DRIVE",NULL,NULL,NULL
3668,NULL,NULL,NULL,NULL,NULL,NULL,FL,"WINTER GARDEN",34787,"13105 W. COLONIAL DRIVE",NULL,NULL,NULL
3676,NULL,NULL,NULL,NULL,NULL,NULL,FL,"ORANGE CITY",32763,"810 SAXON BOULEVARD",NULL,NULL,NULL
3677,NULL,NULL,NULL,NULL,NULL,NULL,FL,"BONITA SPRINGS",34134,"3302 BONITA BEACH RD",NULL,NULL,NULL
3678,NULL,NULL,NULL,NULL,NULL,NULL,CA,RAMONA,92065,"1855 MAIN STREET",NULL,NULL,NULL
3683,NULL,NULL,NULL,NULL,NULL,NULL,FL,"CORAL SPRINGS",33067,"9200 WILES RD",NULL,NULL,NULL
3691,NULL,NULL,NULL,NULL,NULL,NULL,NY,"CLIFTON PARK",12065,"15 PARK AVE SUITE 22",NULL,NULL,NULL
3696,NULL,NULL,NULL,NULL,NULL,NULL,CA,ROCKLIN,95677,"5615 PACIFIC STREET",NULL,NULL,NULL
3699,NULL,NULL,NULL,NULL,NULL,NULL,CA,"APPLE VALLEY",92308,"20777 BEAR VALLEY RD",NULL,NULL,NULL
3701,NULL,NULL,NULL,NULL,NULL,NULL,FL,NICEVILLE,32578,"1140 E JOHN SIMS PKWY",NULL,NULL,NULL
3708,NULL,NULL,NULL,NULL,NULL,NULL,CA,BANNING,92220,"300 S HIGHLAND SPRINGS",NULL,NULL,NULL
3710,NULL,NULL,NULL,NULL,NULL,NULL,PA,ROCHESTER,15074,"300 BRIGHTON AVENUE",NULL,NULL,NULL
3720,NULL,NULL,NULL,NULL,NULL,NULL,MI,WILLIAMSBURG,49690,"6455 US 31 NORTH",NULL,NULL,NULL
3723,NULL,NULL,NULL,NULL,NULL,NULL,MI,"WHITE LAKE",48386,"10951 HIGHLAND ROAD",NULL,NULL,NULL
3725,NULL,NULL,NULL,NULL,NULL,NULL,CA,FREEDOM,95019,"1702 FREEDOM BLVD",NULL,NULL,NULL
3730,NULL,NULL,NULL,NULL,NULL,NULL,MI,"OAK PARK",48237,"26200 GREENFIELD",NULL,NULL,NULL
3737,NULL,NULL,NULL,NULL,NULL,NULL,PA,DOYLESTOWN,18901,"4377 ROUTE 313",NULL,NULL,NULL
3748,NULL,NULL,NULL,NULL,NULL,NULL,CA,HOLLISTER,95023,"491 TRES PINOS ROAD",NULL,NULL,NULL
3761,NULL,NULL,NULL,NULL,NULL,NULL,FL,ZEPHYRHILLS,33541,"7422 GALL BOULEVARD",NULL,NULL,NULL
3764,NULL,NULL,NULL,NULL,NULL,NULL,CA,"LOS BANOS",93635,"1400 MERCEY SPRINGS",NULL,NULL,NULL
3793,NULL,NULL,NULL,NULL,NULL,NULL,FL,MIAMI,33184,"12350 SW 8TH STREET",NULL,NULL,NULL
3804,NULL,NULL,NULL,NULL,NULL,NULL,MI,"ST JOHNS",48879,"2119 SOUTH US 27",NULL,NULL,NULL
3805,NULL,NULL,NULL,NULL,NULL,NULL,MI,"BIG RAPIDS",49307,"1250 PERRY STREET",NULL,NULL,NULL
3810,NULL,NULL,NULL,NULL,NULL,NULL,PA,"WILLOW STREET",17584,"2600 NORTH WILLOW ST PIKE",NULL,NULL,NULL
3818,NULL,NULL,NULL,NULL,NULL,NULL,FL,HOLLYWOOD,33020,"3800 OAKWOOD BLVD",NULL,NULL,NULL
3819,NULL,NULL,NULL,NULL,NULL,NULL,MI,HASTINGS,49058,"802 WEST STATE STREET",NULL,NULL,NULL
3820,NULL,NULL,NULL,NULL,NULL,NULL,MI,CHARLEVOIX,49720,"06600 M 66 NORTH",NULL,NULL,NULL
3821,NULL,NULL,NULL,NULL,NULL,NULL,MI,PETOSKEY,49770,"1401 SPRING STREET",NULL,NULL,NULL
3824,NULL,NULL,NULL,NULL,NULL,NULL,PA,HERMITAGE,16148,"2235 EAST STATE STREET",NULL,NULL,NULL
3828,NULL,NULL,NULL,NULL,NULL,NULL,CA,TEMECULA,92591,"26471 YNEZ ROAD",NULL,NULL,NULL
3832,NULL,NULL,NULL,NULL,NULL,NULL,MI,IRONWOOD,49938,"1400 EAST CLOVERLAND DR",NULL,NULL,NULL
3833,NULL,NULL,NULL,NULL,NULL,NULL,MI,"IRON MOUNTAIN",49801,"1800 SOUTH STEPHENSON AVE",NULL,NULL,NULL
3834,NULL,NULL,NULL,NULL,NULL,NULL,CA,BURBANK,91504,"1000 SAN FERNANDO RD",NULL,NULL,NULL
3837,NULL,NULL,NULL,NULL,NULL,NULL,NY,WEBSTER,14580,"950 RIDGE ROAD",NULL,NULL,NULL
3841,NULL,NULL,NULL,NULL,NULL,NULL,MI,MARSHALL,49068,"15861 MICHIGAN AVENUE",NULL,NULL,NULL
3842,NULL,NULL,NULL,NULL,NULL,NULL,CA,OAKDALE,95361,"175 SOUTH MAAG AVENUE",NULL,NULL,NULL
3845,NULL,NULL,NULL,NULL,NULL,NULL,FL,LUTZ,33549,"22920 STATE ROAD 54",NULL,NULL,NULL
3861,NULL,NULL,NULL,NULL,NULL,NULL,NY,"WEST BABYLON",11704,"1000 MONTAUK HIGHWAY",NULL,NULL,NULL
3862,NULL,NULL,NULL,NULL,NULL,NULL,NY,BOHEMIA,11716,"5151 SUNRISE HIGHWAY",NULL,NULL,NULL
3864,NULL,NULL,NULL,NULL,NULL,NULL,MI,"WEST BRANCH",48661,"2110 SOUTH M 76",NULL,NULL,NULL
3865,NULL,NULL,NULL,NULL,NULL,NULL,CA,RIDGECREST,93555,"910 NORTH CHINA LAKE BLVD",NULL,NULL,NULL
3874,NULL,NULL,NULL,NULL,NULL,NULL,FL,"CRYSTAL RIVER",34428,"1801 NORTH WEST HWY 19",NULL,NULL,NULL
3881,NULL,NULL,NULL,NULL,NULL,NULL,CA,BLYTHE,92225,"1455 W HOBSON",NULL,NULL,NULL
3884,NULL,NULL,NULL,NULL,NULL,NULL,PA,MATAMORAS,18336,"111 HULST DR SUITE 722",NULL,NULL,NULL
3885,NULL,NULL,NULL,NULL,NULL,NULL,PA,HONESDALE,18431,"650 OLD WILLOW AVE STE N",NULL,NULL,NULL
3895,NULL,NULL,NULL,NULL,NULL,NULL,PA,PITTSBURGH,15237,"3000 MCINTYRE SQUARE DR",NULL,NULL,NULL
3911,NULL,NULL,NULL,NULL,NULL,NULL,PA,COLUMBIA,17512,"3975 COLUMBIA AVE",NULL,NULL,NULL
3912,NULL,NULL,NULL,NULL,NULL,NULL,PA,LATROBE,15650,"1072 MOUNTAIN LAUREL PLZ",NULL,NULL,NULL
3916,NULL,NULL,NULL,NULL,NULL,NULL,CA,TULARE,93274,"1475 HILLMAN STREET",NULL,NULL,NULL
3922,NULL,NULL,NULL,NULL,NULL,NULL,CA,OCEANSIDE,92057,"443 COLLEGE BLVD",NULL,NULL,NULL
3927,NULL,NULL,NULL,NULL,NULL,NULL,PA,ERIE,16509,"7200 PEACH STREET",NULL,NULL,NULL
3938,NULL,NULL,NULL,NULL,NULL,NULL,MI,JACKSON,49202,"3555 O'NEILL DRIVE",NULL,NULL,NULL
3939,NULL,NULL,NULL,NULL,NULL,NULL,FL,"PANAMA CITY BEACH",32407,"7100 HIGHWAY 98 WEST",NULL,NULL,NULL
3943,NULL,NULL,NULL,NULL,NULL,NULL,NY,MALONE,12953,"230 WEST MAIN STREET",NULL,NULL,NULL
3945,NULL,NULL,NULL,NULL,NULL,NULL,CA,DELANO,93215,"912 COUNTY LINE RD",NULL,NULL,NULL
3949,NULL,NULL,NULL,NULL,NULL,NULL,PA,"WIND GAP",18091,"803 MALE ROAD",NULL,NULL,NULL
3953,NULL,NULL,NULL,NULL,NULL,NULL,PA,PHILADELPHIA,19107,"901-99 MARKET STREET",NULL,NULL,NULL
3954,NULL,NULL,NULL,NULL,NULL,NULL,PA,WALNUTPORT,18088,"400 NORTH BEST AVENUE",NULL,NULL,NULL
3956,NULL,NULL,NULL,NULL,NULL,NULL,FL,NAPLES,34116,"4955 GOLDEN GATE PKWY",NULL,NULL,NULL
3959,NULL,NULL,NULL,NULL,NULL,NULL,MI,ADRIAN,49221,"1416 S MAIN ST BLDG 100",NULL,NULL,NULL
3963,NULL,NULL,NULL,NULL,NULL,NULL,PA,ELIZABETHTOWN,17022,"1605 S MARKET STREET",NULL,NULL,NULL
3964,NULL,NULL,NULL,NULL,NULL,NULL,PA,PHILADELPHIA,19153,"3000 ISLAND AVENUE",NULL,NULL,NULL
3968,NULL,NULL,NULL,NULL,NULL,NULL,CA,WASCO,93280,"2785 HWY 46",NULL,NULL,NULL
3975,NULL,NULL,NULL,NULL,NULL,NULL,FL,MILTON,32570,"6050 HIGHWAY 90",NULL,NULL,NULL
3982,NULL,NULL,NULL,NULL,NULL,NULL,CA,LEMOORE,93245,"215 WEST HANFORD/ARMONA",NULL,NULL,NULL
3985,NULL,NULL,NULL,NULL,NULL,NULL,FL,LAKELAND,33813,"4717 S FLORIDA AVE",NULL,NULL,NULL
3998,NULL,NULL,NULL,NULL,NULL,NULL,CA,DINUBA,93618,"2270 EAST EL MONTE WAY",NULL,NULL,NULL
4000,NULL,NULL,NULL,NULL,NULL,NULL,MI,"GARDEN CITY",48135,"29600 FORD RD",NULL,NULL,NULL
4007,NULL,NULL,NULL,NULL,NULL,NULL,CA,"LOS ANGELES",90022,"5704 E WHITTIER BLVD",NULL,NULL,NULL
4010,NULL,NULL,NULL,NULL,NULL,NULL,PA,PITTSBURGH,15223,"880 BUTLER STREET",NULL,NULL,NULL
4034,NULL,NULL,NULL,NULL,NULL,NULL,NY,MATTYDALE,13211,"2803 BREWERTON RD",NULL,NULL,NULL
4040,NULL,NULL,NULL,NULL,NULL,NULL,MI,FLINT,48507,"4002 S DORT",NULL,NULL,NULL
4047,NULL,NULL,NULL,NULL,NULL,NULL,CA,"COSTA MESA",92627,"2200 HARBOR BLVD",NULL,NULL,NULL
4054,NULL,NULL,NULL,NULL,NULL,NULL,PA,"NEW KENSINGTON",15068,"100 TARENTUM RD",NULL,NULL,NULL
4064,NULL,NULL,NULL,NULL,NULL,NULL,PA,"NORTH VERSAILLES",15137,"1901 LINCOLN HWY",NULL,NULL,NULL
4065,NULL,NULL,NULL,NULL,NULL,NULL,MI,"BATTLE CREEK",49015,"200 CAPITAL AVE SW",NULL,NULL,NULL
4066,NULL,NULL,NULL,NULL,NULL,NULL,MI,JACKSON,49202,"3001 E MICH AVE",NULL,NULL,NULL
4082,NULL,NULL,NULL,NULL,NULL,NULL,MI,TROY,48083,"100 E MAPLE ROAD",NULL,NULL,NULL
4083,NULL,NULL,NULL,NULL,NULL,NULL,MI,FLINT,48507,"G 3083 MILLER RD",NULL,NULL,NULL
4091,NULL,NULL,NULL,NULL,NULL,NULL,MI,"BAY CITY",48706,"4001 N EUCLID AVE",NULL,NULL,NULL
4098,NULL,NULL,NULL,NULL,NULL,NULL,MI,MONROE,48162,"1290 N MONROE ST",NULL,NULL,NULL
4105,NULL,NULL,NULL,NULL,NULL,NULL,MI,"ANN ARBOR",48103,"215 N MAPLE RD",NULL,NULL,NULL
4106,NULL,NULL,NULL,NULL,NULL,NULL,MI,YPSILANTI,48197,"3100 WASHTENAW AVE",NULL,NULL,NULL
4113,NULL,NULL,NULL,NULL,NULL,NULL,PA,ERIE,16506,"2873 W 26TH STREET",NULL,NULL,NULL
4117,NULL,NULL,NULL,NULL,NULL,NULL,CA,SACRAMENTO,95820,"5100 STOCKTON BLVD",NULL,NULL,NULL
4122,NULL,NULL,NULL,NULL,NULL,NULL,FL,PENSACOLA,32506,"4211 MOBILE HWY",NULL,NULL,NULL
4123,NULL,NULL,NULL,NULL,NULL,NULL,NY,"NIAGARA FALLS",14304,"2590 MILITARY RD",NULL,NULL,NULL
4150,NULL,NULL,NULL,NULL,NULL,NULL,PA,ALTOONA,16602,"528 W PLANK ROAD",NULL,NULL,NULL
4163,NULL,NULL,NULL,NULL,NULL,NULL,MI,WESTLAND,48186,"165 WAYNE RD",NULL,NULL,NULL
4176,NULL,NULL,NULL,NULL,NULL,NULL,NY,CHEEKTOWAGA,14225,"2055 WALDEN AVE",NULL,NULL,NULL
4177,NULL,NULL,NULL,NULL,NULL,NULL,MI,"ST CLAIR SHORES",48080,"22801 HARPER AVE",NULL,NULL,NULL
4183,NULL,NULL,NULL,NULL,NULL,NULL,MI,WOODHAVEN,48183,"19800 WEST RD",NULL,NULL,NULL
4191,NULL,NULL,NULL,NULL,NULL,NULL,CA,"HARBOR CITY",90710,"902 W SEPULVEDA",NULL,NULL,NULL
4204,NULL,NULL,NULL,NULL,NULL,NULL,MI,WARREN,48088,"31200 SCHOENHERR RD",NULL,NULL,NULL
4206,NULL,NULL,NULL,NULL,NULL,NULL,MI,WARREN,48091,"2000 10 MILE RD",NULL,NULL,NULL
4243,NULL,NULL,NULL,NULL,NULL,NULL,FL,"OAKLAND PARK",33334,"670 E OAKLAND PK BLVD",NULL,NULL,NULL
4245,NULL,NULL,NULL,NULL,NULL,NULL,FL,TAMPA,33604,"8245 N FLORIDA AVE",NULL,NULL,NULL
4248,NULL,NULL,NULL,NULL,NULL,NULL,NY,"STATEN ISLAND",10314,"2875 RICHMOND AVE",NULL,NULL,NULL
4275,NULL,NULL,NULL,NULL,NULL,NULL,PA,MECHANICSBURG,17050,"5600 CARLISLE PIKE US 11",NULL,NULL,NULL
4281,NULL,NULL,NULL,NULL,NULL,NULL,CA,COVINA,91722,"1162 N CITRUS AVE",NULL,NULL,NULL
4283,NULL,NULL,NULL,NULL,NULL,NULL,FL,JACKSONVILLE,32207,"5751 BEACH BLVD",NULL,NULL,NULL
4286,NULL,NULL,NULL,NULL,NULL,NULL,FL,JACKSONVILLE,32210,"4645 BLANDING BLVD",NULL,NULL,NULL
4290,NULL,NULL,NULL,NULL,NULL,NULL,CA,"SAN DIEGO",92105,"5405 UNIVERSITY AVE",NULL,NULL,NULL
4292,NULL,NULL,NULL,NULL,NULL,NULL,FL,HIALEAH,33012,"1460 W 49TH ST",NULL,NULL,NULL
4295,NULL,NULL,NULL,NULL,NULL,NULL,FL,"NORTH MIAMI",33161,"10700 BISCAYNE BLVD",NULL,NULL,NULL
4296,NULL,NULL,NULL,NULL,NULL,NULL,FL,HOLLYWOOD,33023,"651 S 60TH AVE",NULL,NULL,NULL
4311,NULL,NULL,NULL,NULL,NULL,NULL,FL,BRANDON,33511,"1602 W BRANDON BLVD",NULL,NULL,NULL
4313,NULL,NULL,NULL,NULL,NULL,NULL,PA,YORK,17402,"1094 HAINES ROAD",NULL,NULL,NULL
4320,NULL,NULL,NULL,NULL,NULL,NULL,CA,BELLFLOWER,90706,"10400 ROSECRANS",NULL,NULL,NULL
4327,NULL,NULL,NULL,NULL,NULL,NULL,FL,"NEW PORT RICHEY",34652,"5725 US 19",NULL,NULL,NULL
4331,NULL,NULL,NULL,NULL,NULL,NULL,MI,WATERFORD,48328,"3541 HIGHLAND ROAD",NULL,NULL,NULL
4334,NULL,NULL,NULL,NULL,NULL,NULL,PA,ERIE,16510,"4401 BUFFALO RD",NULL,NULL,NULL
4340,NULL,NULL,NULL,NULL,NULL,NULL,CA,"SANTA ROSA",95403,"3771 CLEVELAND AVE",NULL,NULL,NULL
4341,NULL,NULL,NULL,NULL,NULL,NULL,CA,FAIRFIELD,94533,"2525 N TEXAS ST",NULL,NULL,NULL
4344,NULL,NULL,NULL,NULL,NULL,NULL,PA,ALLENTOWN,18104,"4701 TILGHMAN STREET EXT",NULL,NULL,NULL
4349,NULL,NULL,NULL,NULL,NULL,NULL,CA,"REDWOOD CITY",94063,"1155 VETERAN'S BLVD",NULL,NULL,NULL
4355,NULL,NULL,NULL,NULL,NULL,NULL,FL,"ST PETERSBURG",33709,"4501 66TH STREET N",NULL,NULL,NULL
4356,NULL,NULL,NULL,NULL,NULL,NULL,FL,LARGO,33770,"1000 MISSOURI AVE",NULL,NULL,NULL
4362,NULL,NULL,NULL,NULL,NULL,NULL,NY,"NEW HARTFORD",13413,"4645 COMMERCIAL DRIVE",NULL,NULL,NULL
4364,NULL,NULL,NULL,NULL,NULL,NULL,CA,BAKERSFIELD,93309,"3600 WILSON RD",NULL,NULL,NULL
4367,NULL,NULL,NULL,NULL,NULL,NULL,CA,LANCASTER,93534,"1810 W AVENUE J",NULL,NULL,NULL
4371,NULL,NULL,NULL,NULL,NULL,NULL,CA,"SANTA MARIA",93455,"2875 SANTA MARIA WAY",NULL,NULL,NULL
4373,NULL,NULL,NULL,NULL,NULL,NULL,PA,LANCASTER,17601,"1890 FRUITVILLE PIKE",NULL,NULL,NULL
4382,NULL,NULL,NULL,NULL,NULL,NULL,MI,LANSING,48911,"5400 CEDAR STREET SOUTH",NULL,NULL,NULL
4383,NULL,NULL,NULL,NULL,NULL,NULL,NY,ALBANY,12205,"1860 CENTRAL AVE",NULL,NULL,NULL
4390,NULL,NULL,NULL,NULL,NULL,NULL,FL,ORLANDO,32822,"1801 S SEMORAN BLVD",NULL,NULL,NULL
4394,NULL,NULL,NULL,NULL,NULL,NULL,NY,LATHAM,12110,"195 TROY SCHENECTADY RD",NULL,NULL,NULL
4405,NULL,NULL,NULL,NULL,NULL,NULL,MI,"CLINTON TOWNSHIP",48035,"34800 GROESBECK HWY",NULL,NULL,NULL
4410,NULL,NULL,NULL,NULL,NULL,NULL,FL,JACKSONVILLE,32208,"9459 LEM TURNER RD",NULL,NULL,NULL
4415,NULL,NULL,NULL,NULL,NULL,NULL,FL,"DAYTONA BEACH",32114,"1300 INTL SPEEDWAY BLVD W",NULL,NULL,NULL
4420,NULL,NULL,NULL,NULL,NULL,NULL,FL,OCALA,34470,"3711 E SILVER SPRING BLVD",NULL,NULL,NULL
4421,NULL,NULL,NULL,NULL,NULL,NULL,CA,"NORTH HOLLYWOOD",91605,"13007 SHERMAN WAY",NULL,NULL,NULL
4429,NULL,NULL,NULL,NULL,NULL,NULL,PA,MONROEVILLE,15146,"120 MALL BLVD",NULL,NULL,NULL
4430,NULL,NULL,NULL,NULL,NULL,NULL,MI,LIVONIA,48152,"33400 W 7 MILE ROAD",NULL,NULL,NULL
4432,NULL,NULL,NULL,NULL,NULL,NULL,CA,RIVERSIDE,92507,"3001 IOWA AVENUE",NULL,NULL,NULL
4445,NULL,NULL,NULL,NULL,NULL,NULL,PA,CORAOPOLIS,15108,"825 BEAVER GRADE ROAD",NULL,NULL,NULL
4446,NULL,NULL,NULL,NULL,NULL,NULL,PA,BETHLEHEM,18020,"3843 LINDEN STREET",NULL,NULL,NULL
4457,NULL,NULL,NULL,NULL,NULL,NULL,CA,HAYWARD,94544,"26231 MISSION BLVD",NULL,NULL,NULL
4474,NULL,NULL,NULL,NULL,NULL,NULL,CA,TORRANCE,90503,"19330 HAWTHORNE BLVD",NULL,NULL,NULL
4479,NULL,NULL,NULL,NULL,NULL,NULL,PA,HARRISBURG,17112,"5050 JONESTOWN ROAD",NULL,NULL,NULL
4481,NULL,NULL,NULL,NULL,NULL,NULL,MI,PLYMOUTH,48170,"40855 ANN ARBOR RD",NULL,NULL,NULL
4488,NULL,NULL,NULL,NULL,NULL,NULL,MI,"ROCHESTER HILLS",48307,"1100 ROCHESTER RD SOUTH",NULL,NULL,NULL
4489,NULL,NULL,NULL,NULL,NULL,NULL,FL,TALLAHASSEE,32301,"1701 APALACHEE PARKWAY",NULL,NULL,NULL
4700,NULL,NULL,NULL,NULL,NULL,NULL,MI,FENTON,48430,"18055 SILVER PARKWAY",NULL,NULL,NULL
4705,NULL,NULL,NULL,NULL,NULL,NULL,CA,KINGSBURG,93631,"333 SIERRA",NULL,NULL,NULL
4706,NULL,NULL,NULL,NULL,NULL,NULL,CA,RIVERSIDE,92508,"375 EAST ALLESSANDRO BLVD",NULL,NULL,NULL
4713,NULL,NULL,NULL,NULL,NULL,NULL,PA,TOWANDA,18848,"328 ENNIS LANE",NULL,NULL,NULL
4715,NULL,NULL,NULL,NULL,NULL,NULL,FL,SEBRING,33870,"901 US 27 NORTH SUITE 100",NULL,NULL,NULL
4721,NULL,NULL,NULL,NULL,NULL,NULL,CA,COALINGA,93210,"25 WEST POLK STREET",NULL,NULL,NULL
4723,NULL,NULL,NULL,NULL,NULL,NULL,FL,PENSACOLA,32504,"1650 AIRPORT BLVD",NULL,NULL,NULL
4725,NULL,NULL,NULL,NULL,NULL,NULL,FL,"KEY WEST",33040,"2928 NORTH ROOSEVELT BLVD",NULL,NULL,NULL
4726,NULL,NULL,NULL,NULL,NULL,NULL,NY,JAMESTOWN,14701,"975 FAIRMOUNT AVE W E",NULL,NULL,NULL
4727,NULL,NULL,NULL,NULL,NULL,NULL,FL,OCALA,34471,"2403 SW 27TH AVE",NULL,NULL,NULL
4728,NULL,NULL,NULL,NULL,NULL,NULL,FL,MIAMI,33126,"3825 7TH ST NORTH WEST",NULL,NULL,NULL
4741,NULL,NULL,NULL,NULL,NULL,NULL,NY,BATAVIA,14020,"8363 LEWISTON ROAD",NULL,NULL,NULL
4749,NULL,NULL,NULL,NULL,NULL,NULL,CA,ONTARIO,91764,"1670 EAST FOURTH",NULL,NULL,NULL
4751,NULL,NULL,NULL,NULL,NULL,NULL,CA,TEHACHAPI,93561,"710 W TEHACHAPI",NULL,NULL,NULL
4762,NULL,NULL,NULL,NULL,NULL,NULL,CA,ANTIOCH,94509,"3625 EAST 18TH ST",NULL,NULL,NULL
4767,NULL,NULL,NULL,NULL,NULL,NULL,FL,HIALEAH,33015,"5750 NW 183RD STREET",NULL,NULL,NULL
4770,NULL,NULL,NULL,NULL,NULL,NULL,PA,MCMURRAY,15317,"4041 WASHINGTON ROAD",NULL,NULL,NULL
4771,NULL,NULL,NULL,NULL,NULL,NULL,PA,BUTLER,16001,"300 PULLMAN SQUARE",NULL,NULL,NULL
4772,NULL,NULL,NULL,NULL,NULL,NULL,PA,BURNHAM,17009,"331 WEST FREEDOM AVE",NULL,NULL,NULL
4793,NULL,NULL,NULL,NULL,NULL,NULL,PA,PITTSBURGH,15218,"1775 SOUTH BRADDOCK AVE",NULL,NULL,NULL
4795,NULL,NULL,NULL,NULL,NULL,NULL,MI,"HOUGHTON LAKE",48629,"8171 W HOUGHTON LAKE DR",NULL,NULL,NULL
4796,NULL,NULL,NULL,NULL,NULL,NULL,MI,GREENVILLE,48838,"205 SOUTH GREENVILLE WEST",NULL,NULL,NULL
4819,NULL,NULL,NULL,NULL,NULL,NULL,CA,LAKEPORT,95453,"2019 S MAIN",NULL,NULL,NULL
4825,NULL,NULL,NULL,NULL,NULL,NULL,PA,"MILL HALL",17751,"1 MILLBROOK PLAZA",NULL,NULL,NULL
4840,NULL,NULL,NULL,NULL,NULL,NULL,PA,READING,19605,"3045 FIFTH STREET HIGHWAY",NULL,NULL,NULL
4845,NULL,NULL,NULL,NULL,NULL,NULL,MI,MANISTEE,49660,"1600 US 31 SOUTH",NULL,NULL,NULL
4848,NULL,NULL,NULL,NULL,NULL,NULL,FL,JACKSONVILLE,32221,"1501 NORMANDY VILLAGE PKY",NULL,NULL,NULL
4851,NULL,NULL,NULL,NULL,NULL,NULL,MI,"BYRON CENTER",49315,"701 68TH STREET",NULL,NULL,NULL
4857,NULL,NULL,NULL,NULL,NULL,NULL,CA,"DESERT HOT SPRINGS",92240,"14011 PALM DRIVE",NULL,NULL,NULL
4862,NULL,NULL,NULL,NULL,NULL,NULL,CA,MANTECA,95336,"255 NORTHGATE DRIVE",NULL,NULL,NULL
4868,NULL,NULL,NULL,NULL,NULL,NULL,NY,RIVERHEAD,11901,"605 OLD COUNTRY ROAD",NULL,NULL,NULL
4870,NULL,NULL,NULL,NULL,NULL,NULL,FL,CLERMONT,34711,"1002 EAST HIGHWAY 50",NULL,NULL,NULL
4871,NULL,NULL,NULL,NULL,NULL,NULL,NY,FARMINGVILLE,11738,"2280 NORTH OCEAN AVENUE",NULL,NULL,NULL
4874,NULL,NULL,NULL,NULL,NULL,NULL,PA,FRANKLIN,16323,"491 ALLEGHENY BLVD",NULL,NULL,NULL
4886,NULL,NULL,NULL,NULL,NULL,NULL,FL,"PORT CHARLOTTE",33948,"19400 COCHRAN BLVD",NULL,NULL,NULL
4893,NULL,NULL,NULL,NULL,NULL,NULL,FL,ELLENTON,34222,"6126 HWY 301",NULL,NULL,NULL
4895,NULL,NULL,NULL,NULL,NULL,NULL,MI,IONIA,48846,"2948 SOUTH STATE RD",NULL,NULL,NULL
4987,NULL,NULL,NULL,NULL,NULL,NULL,CA,CARSON,90745,"500 CARSON TOWN CENTER",NULL,NULL,NULL
7014,NULL,NULL,NULL,NULL,NULL,NULL,MI,"MT PLEASANT",48858,"2125 S MISSION ST",NULL,NULL,NULL
7022,NULL,NULL,NULL,NULL,NULL,NULL,MI,CORUNNA,48817,"2500 E M 21",NULL,NULL,NULL
7031,NULL,NULL,NULL,NULL,NULL,NULL,MI,MENOMINEE,49858,"1101 7TH AVE",NULL,NULL,NULL
7044,NULL,NULL,NULL,NULL,NULL,NULL,NY,PLATTSBURGH,12901,"57 CENTRE DR",NULL,NULL,NULL
7047,NULL,NULL,NULL,NULL,NULL,NULL,CA,HEMET,92543,"220 W STETSON AVE",NULL,NULL,NULL
7065,NULL,NULL,NULL,NULL,NULL,NULL,NY,HORSEHEADS,14845,"1020 CENTER STREET",NULL,NULL,NULL
7067,NULL,NULL,NULL,NULL,NULL,NULL,FL,"FT MYERS",33901,"3853 CLEVELAND AVE S",NULL,NULL,NULL
7068,NULL,NULL,NULL,NULL,NULL,NULL,MI,MIDLAND,48640,"1820 S SAGINAW RD",NULL,NULL,NULL
7071,NULL,NULL,NULL,NULL,NULL,NULL,FL,"NEPTUNE BEACH",32266,"500 ATLANTIC BLVD",NULL,NULL,NULL
7075,NULL,NULL,NULL,NULL,NULL,NULL,PA,"SHAMOKIN DAM",17876,"NORTH SUSQUEHANNA TRAIL",NULL,NULL,NULL
7079,NULL,NULL,NULL,NULL,NULL,NULL,FL,"ST AUGUSTINE",32084,"1777 US HIGHWAY 1 S",NULL,NULL,NULL
7083,NULL,NULL,NULL,NULL,NULL,NULL,PA,"NEW CASTLE",16101,"2652 ELLWOOD RD",NULL,NULL,NULL
7092,NULL,NULL,NULL,NULL,NULL,NULL,CA,"SAN CLEMENTE",92672,"550 CAMINO DE ESTRELLA",NULL,NULL,NULL
7098,NULL,NULL,NULL,NULL,NULL,NULL,CA,CONCORD,94521,"5100 CLAYTON ROAD",NULL,NULL,NULL
7120,NULL,NULL,NULL,NULL,NULL,NULL,PA,"BELLE VERNON",15012,"780 ROSTRAVER RD",NULL,NULL,NULL
7129,NULL,NULL,NULL,NULL,NULL,NULL,PA,MEADVILLE,16335,"16881 CONNEAUT LAKE RD",NULL,NULL,NULL
7134,NULL,NULL,NULL,NULL,NULL,NULL,NY,CORTLAND,13045,"854 STATE ROUTE 13",NULL,NULL,NULL
7142,NULL,NULL,NULL,NULL,NULL,NULL,PA,PITTSTON,18640,"1874 NORTH TOWNSHIP BLVD",NULL,NULL,NULL
7147,NULL,NULL,NULL,NULL,NULL,NULL,FL,TAMPA,33617,"5400 E BUSCH BLVD",NULL,NULL,NULL
7165,NULL,NULL,NULL,NULL,NULL,NULL,CA,CAMARILLO,93010,"940 ARNEILL RD",NULL,NULL,NULL
7171,NULL,NULL,NULL,NULL,NULL,NULL,NY,DEPEW,14043,"1460 FRENCH RD",NULL,NULL,NULL
7175,NULL,NULL,NULL,NULL,NULL,NULL,CA,RIVERSIDE,92509,"7840 LIMONITE AVE",NULL,NULL,NULL
7187,NULL,NULL,NULL,NULL,NULL,NULL,PA,ERIE,16504,"1320 E GRANDVIEW BLVD",NULL,NULL,NULL
7188,NULL,NULL,NULL,NULL,NULL,NULL,NY,ITHACA,14850,"744 S MEADOW ST",NULL,NULL,NULL
7192,NULL,NULL,NULL,NULL,NULL,NULL,PA,EASTON,18042,"320 SOUTH 25TH STREET",NULL,NULL,NULL
7195,NULL,NULL,NULL,NULL,NULL,NULL,CA,GOLETA,93117,"6865 HOLLISTER AVE",NULL,NULL,NULL
7196,NULL,NULL,NULL,NULL,NULL,NULL,FL,"ST PETERSBURG",33713,"2800 34TH ST N",NULL,NULL,NULL
7198,NULL,NULL,NULL,NULL,NULL,NULL,PA,PHILADELPHIA,19134,"3301 ARAMINGO AVENUE",NULL,NULL,NULL
7205,NULL,NULL,NULL,NULL,NULL,NULL,MI,"GRAND RAPIDS",49525,"4111 NORTH KENT MALL NE",NULL,NULL,NULL
7217,NULL,NULL,NULL,NULL,NULL,NULL,PA,INDIANA,15701,"2334 OAKLAND AVE STE 6",NULL,NULL,NULL
7225,NULL,NULL,NULL,NULL,NULL,NULL,CA,"LOS ANGELES",90036,"6310 W 3RD STREET",NULL,NULL,NULL
7233,NULL,NULL,NULL,NULL,NULL,NULL,FL,KISSIMMEE,34741,"2211 IRLO BRONSON MEM HWY",NULL,NULL,NULL
7249,NULL,NULL,NULL,NULL,NULL,NULL,MI,CHESTERFIELD,48051,"50700 GRATIOT AVE",NULL,NULL,NULL
7257,NULL,NULL,NULL,NULL,NULL,NULL,PA,QUAKERTOWN,18951,"246 NW END BLVD",NULL,NULL,NULL
7265,NULL,NULL,NULL,NULL,NULL,NULL,FL,JACKSONVILLE,32257,"9600 SAN JOSE BLVD",NULL,NULL,NULL
7268,NULL,NULL,NULL,NULL,NULL,NULL,FL,"PORT ORANGE",32127,"3813 S NOVA ROAD",NULL,NULL,NULL
7287,NULL,NULL,NULL,NULL,NULL,NULL,CA,TAFT,93268,"301 GARDNER FIELD ROAD",NULL,NULL,NULL
7293,NULL,NULL,NULL,NULL,NULL,NULL,PA,"CLIFTON HEIGHTS",19018,"713 E BALTIMORE PIKE",NULL,NULL,NULL
7294,NULL,NULL,NULL,NULL,NULL,NULL,FL,"VERO BEACH",32960,"1501 US 1",NULL,NULL,NULL
7295,NULL,NULL,NULL,NULL,NULL,NULL,FL,TITUSVILLE,32780,"810 CHENEY HWY",NULL,NULL,NULL
7310,NULL,NULL,NULL,NULL,NULL,NULL,FL,"PALM BAY",32905,"4711 BABCOCK ST NE UNIT 1",NULL,NULL,NULL
7321,NULL,NULL,NULL,NULL,NULL,NULL,FL,BRADENTON,34209,"7350 MANATEE AVE WEST",NULL,NULL,NULL
7325,NULL,NULL,NULL,NULL,NULL,NULL,PA,"BEAVER FALLS",15010,"2660 CONSTITUTION BLVD",NULL,NULL,NULL
7335,NULL,NULL,NULL,NULL,NULL,NULL,FL,BELLEVIEW,34420,"10301 SE US HWY 441",NULL,NULL,NULL
7366,NULL,NULL,NULL,NULL,NULL,NULL,FL,"PEMBROKE PINES",33026,"10501 PINES BLVD",NULL,NULL,NULL
7372,NULL,NULL,NULL,NULL,NULL,NULL,PA,LEECHBURG,15656,"451 HYDE PARK RD",NULL,NULL,NULL
7374,NULL,NULL,NULL,NULL,NULL,NULL,PA,"WEST CHESTER",19380,"985 PAOLI PIKE",NULL,NULL,NULL
7375,NULL,NULL,NULL,NULL,NULL,NULL,NY,ENDICOTT,13760,"527 ENDICOTT PLAZA",NULL,NULL,NULL
7390,NULL,NULL,NULL,NULL,NULL,NULL,CA,MCKINLEYVILLE,95521,"1500 ANNA SPARKS WAY",NULL,NULL,NULL
7418,NULL,NULL,NULL,NULL,NULL,NULL,CA,"SAN YSIDRO",92173,"4330 CAMINO DE LA PLAZA",NULL,NULL,NULL
7432,NULL,NULL,NULL,NULL,NULL,NULL,NY,WATERTOWN,13601,"21082 PIONEER PLAZA DR",NULL,NULL,NULL
7447,NULL,NULL,NULL,NULL,NULL,NULL,FL,"NEW SMYRNA BEACH",32168,"1724 STATE RD 44",NULL,NULL,NULL
7451,NULL,NULL,NULL,NULL,NULL,NULL,NY,FULTON,13069,"2078 STATE ROUTE 481",NULL,NULL,NULL
7470,NULL,NULL,NULL,NULL,NULL,NULL,PA,HUMMELSTOWN,17036,"1170 MAE STREET",NULL,NULL,NULL
7471,NULL,NULL,NULL,NULL,NULL,NULL,CA,PLACERVILLE,95667,"3968 A MISSOURI FLAT ROAD",NULL,NULL,NULL
7481,NULL,NULL,NULL,NULL,NULL,NULL,CA,ATWATER,95301,"1085 BELLEVUE",NULL,NULL,NULL
7486,NULL,NULL,NULL,NULL,NULL,NULL,CA,LODI,95240,"520 S CHEROKEE LANE",NULL,NULL,NULL
7500,NULL,NULL,NULL,NULL,NULL,NULL,MI,WASHINGTON,48095,"66011 VAN DYKE AVE",NULL,NULL,NULL
7504,NULL,NULL,NULL,NULL,NULL,NULL,MI,"BLOOMFIELD HILLS",48302,"2101 TELEGRAPH",NULL,NULL,NULL
7520,NULL,NULL,NULL,NULL,NULL,NULL,FL,"WINTER PARK",32792,"4000 GOLDENROD ROAD N",NULL,NULL,NULL
7524,NULL,NULL,NULL,NULL,NULL,NULL,MI,SAGINAW,48638,"5135 GRATIOT ROAD",NULL,NULL,NULL
7544,NULL,NULL,NULL,NULL,NULL,NULL,FL,SEMINOLE,33772,"7850 SEMINOLE MALL",NULL,NULL,NULL
7551,NULL,NULL,NULL,NULL,NULL,NULL,CA,INDIO,92201,"81691 HWY 111",NULL,NULL,NULL
7552,NULL,NULL,NULL,NULL,NULL,NULL,CA,"ARROYO GRANDE",93420,"1570 W BRANCH ST",NULL,NULL,NULL
7558,NULL,NULL,NULL,NULL,NULL,NULL,FL,CALLAWAY,32404,"225 S TYNDALL PKWY",NULL,NULL,NULL
7587,NULL,NULL,NULL,NULL,NULL,NULL,CA,FONTANA,92335,"17099 VALLEY BLVD",NULL,NULL,NULL
7606,NULL,NULL,NULL,NULL,NULL,NULL,CA,HESPERIA,92345,"16968 MAIN STREET",NULL,NULL,NULL
7608,NULL,NULL,NULL,NULL,NULL,NULL,NY,VICTOR,14564,"10 COBBLESTONE COURT DR",NULL,NULL,NULL
7613,NULL,NULL,NULL,NULL,NULL,NULL,FL,"FERNANDINA BEACH",32034,"1525 SADLER RD",NULL,NULL,NULL
7619,NULL,NULL,NULL,NULL,NULL,NULL,CA,ATASCADERO,93422,"3980 EL CAMINO REAL",NULL,NULL,NULL
7625,NULL,NULL,NULL,NULL,NULL,NULL,CA,"LOS ANGELES",90044,"5850 S VERMONT AVENUE",NULL,NULL,NULL
7636,NULL,NULL,NULL,NULL,NULL,NULL,CA,"CHULA VISTA",91910,"875 EAST H STREET",NULL,NULL,NULL
7639,NULL,NULL,NULL,NULL,NULL,NULL,CA,"SANTA PAULA",93060,"895 FAULKNER ROAD",NULL,NULL,NULL
7643,NULL,NULL,NULL,NULL,NULL,NULL,FL,PERRY,32347,"1809 BYRON BUTLER PARKWAY",NULL,NULL,NULL
7653,NULL,NULL,NULL,NULL,NULL,NULL,CA,"BIG BEAR LAKE",92315,"P O BOX 7047",NULL,NULL,NULL
7654,NULL,NULL,NULL,NULL,NULL,NULL,NY,BRONX,10475,"300 BAYCHESTER AVENUE",NULL,NULL,NULL
7660,NULL,NULL,NULL,NULL,NULL,NULL,MI,SANDUSKY,48471,"545 WEST SANILAC",NULL,NULL,NULL
7669,NULL,NULL,NULL,NULL,NULL,NULL,FL,NAPLES,34113,"12713 TAMIAMI TRAIL",NULL,NULL,NULL
7676,NULL,NULL,NULL,NULL,NULL,NULL,NY,SIDNEY,13838,"171 DELAWARE AVENUE",NULL,NULL,NULL
7677,NULL,NULL,NULL,NULL,NULL,NULL,NY,WELLSVILLE,14895,"121 BOLIVAR ROAD",NULL,NULL,NULL
7678,NULL,NULL,NULL,NULL,NULL,NULL,CA,"SAN DIEGO",92108,"8730 RIO SAN DIEGO",NULL,NULL,NULL
7695,NULL,NULL,NULL,NULL,NULL,NULL,NY,OLEAN,14760,"2801 W STATE ST",NULL,NULL,NULL
7699,NULL,NULL,NULL,NULL,NULL,NULL,PA,LEBANON,17042,"1745 QUENTIN",NULL,NULL,NULL
7708,NULL,NULL,NULL,NULL,NULL,NULL,PA,HAZLETON,18202,"5 LAUREL MALL",NULL,NULL,NULL
7711,NULL,NULL,NULL,NULL,NULL,NULL,FL,MIAMI,33189,"20505 SOUTH DIXIE HIGHWAY",NULL,NULL,NULL
7733,NULL,NULL,NULL,NULL,NULL,NULL,MI,ALPENA,49707,"2355 US 23 SOUTH",NULL,NULL,NULL
7746,NULL,NULL,NULL,NULL,NULL,NULL,PA,CARLISLE,17013,"1180 WALNUT BOTTOM ROAD",NULL,NULL,NULL
7749,NULL,NULL,NULL,NULL,NULL,NULL,NY,"NEW YORK",10119,"250 WEST 34TH STREET",NULL,NULL,NULL
7756,NULL,NULL,NULL,NULL,NULL,NULL,CA,BISHOP,93514,"1200 N MAIN STREET",NULL,NULL,NULL
7777,NULL,NULL,NULL,NULL,NULL,NULL,NY,"NEW YORK",10003,"770 BROADWAY",NULL,NULL,NULL
7786,NULL,NULL,NULL,NULL,NULL,NULL,FL,"WEST PALM BEACH",33409,"4340 OKEECHOBEE BOULEVARD",NULL,NULL,NULL
7916,NULL,NULL,NULL,NULL,NULL,NULL,CA,EUREKA,95503,"4325 BROADWAY",NULL,NULL,NULL
9026,NULL,NULL,NULL,NULL,NULL,NULL,MI,STURGIS,49091,"69080 M-66",NULL,NULL,NULL
9065,NULL,NULL,NULL,NULL,NULL,NULL,MI,ESCANABA,49829,"801 N LINCOLN RD",NULL,NULL,NULL
9088,NULL,NULL,NULL,NULL,NULL,NULL,MI,LAPEER,48446,"863 SOUTH MAIN",NULL,NULL,NULL
9123,NULL,NULL,NULL,NULL,NULL,NULL,PA,ENOLA,17025,"463 N ENOLA RTS 11  15",NULL,NULL,NULL
9140,NULL,NULL,NULL,NULL,NULL,NULL,PA,WAYNESBORO,17268,"706 E MAIN ST",NULL,NULL,NULL
9153,NULL,NULL,NULL,NULL,NULL,NULL,CA,"SOUTH LAKE TAHOE",96150,"1056 EMERALD BAY ROAD",NULL,NULL,NULL
9161,NULL,NULL,NULL,NULL,NULL,NULL,PA,BERWICK,18603,"1520 W FRONT ST",NULL,NULL,NULL
9166,NULL,NULL,NULL,NULL,NULL,NULL,PA,SAYRE,18840,"2900 ELMIRA STREET",NULL,NULL,NULL
9186,NULL,NULL,NULL,NULL,NULL,NULL,MI,"GRAND BLANC",48439,"12730 S SAGINAW",NULL,NULL,NULL
9224,NULL,NULL,NULL,NULL,NULL,NULL,FL,MARATHON,33050,"5561 OVERSEAS HWY",NULL,NULL,NULL
9245,NULL,NULL,NULL,NULL,NULL,NULL,MI,CHEBOYGAN,49721,"1131 E STATE ST",NULL,NULL,NULL
9274,NULL,NULL,NULL,NULL,NULL,NULL,NY,GREENWICH,12834,"1251 STATE RTE 29 STE 10",NULL,NULL,NULL
9328,NULL,NULL,NULL,NULL,NULL,NULL,CA,"LONG BEACH",90815,"2900 BELLFLOWER BOULEVARD",NULL,NULL,NULL
9381,NULL,NULL,NULL,NULL,NULL,NULL,NY,HUNTINGTON,11743,"839 NEW YORK AVENUE",NULL,NULL,NULL
9382,NULL,NULL,NULL,NULL,NULL,NULL,PA,PHILADELPHIA,19136,"8800 FRANKFORD AVENUE",NULL,NULL,NULL
9385,NULL,NULL,NULL,NULL,NULL,NULL,MI,CLIO,48420,"4290 WEST VIENNA ROAD",NULL,NULL,NULL
9392,NULL,NULL,NULL,NULL,NULL,NULL,NY,"WEST SENECA",14224,"349 ORCHARD PARK ROAD",NULL,NULL,NULL
9409,NULL,NULL,NULL,NULL,NULL,NULL,PA,PHOENIXVILLE,19460,"1000 NUTT ROAD",NULL,NULL,NULL
9414,NULL,NULL,NULL,NULL,NULL,NULL,NY,"YORKTOWN HEIGHTS",10598,"RTE 118 355 DOWNING DR",NULL,NULL,NULL
9415,NULL,NULL,NULL,NULL,NULL,NULL,NY,MAHOPAC,10541,"987 ROUTE 6",NULL,NULL,NULL
9416,NULL,NULL,NULL,NULL,NULL,NULL,NY,"WHITE PLAINS",10607,"399 TARRYTOWN ROAD",NULL,NULL,NULL
9418,NULL,NULL,NULL,NULL,NULL,NULL,NY,ROSEDALE,11422,"25301 ROCKAWAY BOULEVARD",NULL,NULL,NULL
9419,NULL,NULL,NULL,NULL,NULL,NULL,NY,"MIDDLE VILLAGE",11379,"66-26 METROPOLITAN AVENUE",NULL,NULL,NULL
9420,NULL,NULL,NULL,NULL,NULL,NULL,NY,BRONX,10473,"1998 BRUCKNER BOULEVARD",NULL,NULL,NULL
9423,NULL,NULL,NULL,NULL,NULL,NULL,NY,BRIDGEHAMPTON,11932,"PO BOX 3040",NULL,NULL,NULL
9438,NULL,NULL,NULL,NULL,NULL,NULL,PA,"PLEASANT HILLS",15236,"720 CLAIRTON BOULEVARD",NULL,NULL,NULL
9462,NULL,NULL,NULL,NULL,NULL,NULL,NY,"VAILS GATE",12584,"374 WINDSOR HWY RTE 32",NULL,NULL,NULL
9511,NULL,NULL,NULL,NULL,NULL,NULL,FL,PALATKA,32177,"111 TOWN  COUNTRY DRIVE",NULL,NULL,NULL
9529,NULL,NULL,NULL,NULL,NULL,NULL,PA,WARREN,16365,"1666 MARKET ST EXTENSION",NULL,NULL,NULL
9539,NULL,NULL,NULL,NULL,NULL,NULL,PA,THORNDALE,19372,"3205 LINCOLN HWY",NULL,NULL,NULL
9542,NULL,NULL,NULL,NULL,NULL,NULL,NY,HERKIMER,13350,"200 S WASHINGTON ST",NULL,NULL,NULL
9551,NULL,NULL,NULL,NULL,NULL,NULL,CA,PARADISE,95969,"6600 CLARK ROAD",NULL,NULL,NULL
9557,NULL,NULL,NULL,NULL,NULL,NULL,MI,GRAYLING,49738,"2425 S I 75 BUSINESS LOOP",NULL,NULL,NULL
9586,NULL,NULL,NULL,NULL,NULL,NULL,MI,"SAULT SAINTE MARIE",49783,"2760 I 75 BUSINESS SPUR",NULL,NULL,NULL
9589,NULL,NULL,NULL,NULL,NULL,NULL,NY,BATH,14810,"420 WEST MORRIS ST",NULL,NULL,NULL
9593,NULL,NULL,NULL,NULL,NULL,NULL,MI,OSCODA,48750,"5719 NORTH US 23",NULL,NULL,NULL
9608,NULL,NULL,NULL,NULL,NULL,NULL,CA,AUBURN,95603,"2505 BELL RD",NULL,NULL,NULL
9614,NULL,NULL,NULL,NULL,NULL,NULL,FL,"KEY LARGO",33037,"101499 OVERSEAS HIGHWAY",NULL,NULL,NULL
9640,NULL,NULL,NULL,NULL,NULL,NULL,MI,ALMA,48801,"1755 WRIGHT AVE",NULL,NULL,NULL
9642,NULL,NULL,NULL,NULL,NULL,NULL,PA,CLARION,16214,"22631 ROUTE 68 STE 30",NULL,NULL,NULL
9662,NULL,NULL,NULL,NULL,NULL,NULL,PA,EPHRATA,17522,"1127 S STATE ST",NULL,NULL,NULL
9693,NULL,NULL,NULL,NULL,NULL,NULL,MI,"MARINE CITY",48039,"6730 S RIVER ROAD",NULL,NULL,NULL
9714,NULL,NULL,NULL,NULL,NULL,NULL,FL,PENSACOLA,32534,"235 E 9 MILE RD STE 3",NULL,NULL,NULL
9733,NULL,NULL,NULL,NULL,NULL,NULL,PA,"DU BOIS",15801,"5820 SHAFFER RD",NULL,NULL,NULL
9745,NULL,NULL,NULL,NULL,NULL,NULL,MI,"BAD AXE",48413,"760 N VAN DYKE",NULL,NULL,NULL
9746,NULL,NULL,NULL,NULL,NULL,NULL,CA,"GRASS VALLEY",95949,"111 W MC KNIGHT WAY",NULL,NULL,NULL
9761,NULL,NULL,NULL,NULL,NULL,NULL,CA,VISALIA,93277,"3247 NOBLE AVE",NULL,NULL,NULL
9769,NULL,NULL,NULL,NULL,NULL,NULL,PA,SHIPPENSBURG,17257,"40 SHIPPENSBURG SHOP CTR",NULL,NULL,NULL
9770,NULL,NULL,NULL,NULL,NULL,NULL,PA,"MT PLEASANT",15666,"100 CROSS ROADS PLZ",NULL,NULL,NULL
9772,NULL,NULL,NULL,NULL,NULL,NULL,MI,GAYLORD,49735,"1151 S OTSEGO AVE",NULL,NULL,NULL
9793,NULL,NULL,NULL,NULL,NULL,NULL,FL,INVERNESS,34450,"1660 HWY 41 NORTH",NULL,NULL,NULL
9797,NULL,NULL,NULL,NULL,NULL,NULL,CA,"SCOTTS VALLEY",95066,"270 MT HERMON ROAD",NULL,NULL,NULL
